test,swimming front crawl,4O7BakbzqRE.mp4,6,33,8
test,swimming front crawl,4uJOpRiskYg.mp4,4,33,8
test,swimming front crawl,5hlkIMEqstk.mp4,10,33,8
test,swimming front crawl,5Q5h1GHidGU.mp4,2,33,8
test,swimming front crawl,8knXNRIJOMI.mp4,6,33,8
test,swimming front crawl,9rL8CtFFyIw.mp4,8,33,8
test,swimming front crawl,sPnvCUTYe1w.mp4,8,33,8
test,swimming front crawl,t5w8M2yyElM.mp4,12,33,8
test,swimming front crawl,w-jXPiHEIVw.mp4,4,33,8
test,swimming front crawl,_hKtDp9F5Bw.mp4,8,33,8
test,swimming front crawl,_zypTZtS9og.mp4,4,33,8
test,swimming butterfly stroke,-h-caDqncrY.mp4,6,33,8
test,swimming butterfly stroke,0s3dI9DaQUY.mp4,12,33,8
test,swimming butterfly stroke,33Sb5clX1kU.mp4,4,33,8
test,swimming butterfly stroke,3friRMnoE9o.mp4,6,33,8
test,swimming butterfly stroke,4ajQQQnSKQ0.mp4,14,33,8
test,swimming butterfly stroke,4lgbJKPMo3Y.mp4,4,33,8
test,swimming butterfly stroke,5LlwPLP6ELg.mp4,10,33,8
test,swimming butterfly stroke,6RwlNXtj6PU.mp4,6,33,8
test,swimming butterfly stroke,t_6JzUOAYeA.mp4,6,33,8
test,swimming butterfly stroke,x3-Qj4EQThQ.mp4,4,33,8
test,spinning poi,3nK-TGuLauY.mp4,2,33,8
test,spinning poi,ctmoyV99FVs.mp4,2,33,8
test,spinning poi,EjlPF9MMVwc.mp4,14,33,8
test,spinning poi,FBMoSC853NU.mp4,12,33,8
test,spinning poi,pCL97uRSlJE.mp4,14,33,8
test,spinning poi,SdiJwP0_fqg.mp4,2,33,8
test,slicing onion,iBX4iKPpSK0.mp4,18,33,8
test,slicing onion,iSlQpbAQ66M.mp4,2,33,8
test,slicing onion,jegH3kB3DNs.mp4,2,33,8
test,slicing onion,jMKGwCkjWs0.mp4,10,33,8
test,slicing onion,lTJshoxjeUw.mp4,6,33,8
test,slicing onion,ncZKWOhFMXk.mp4,10,33,8
test,slicing onion,r971Ff8NjJo.mp4,6,33,8
test,slicing onion,sY6runQjXlo.mp4,2,33,8
test,slicing onion,vP_tOucWxr4.mp4,6,33,8
test,slicing onion,xZyluVs0ojg.mp4,14,33,8
test,slicing onion,yvHh3-ObAEI.mp4,4,33,8
test,skipping rope,1NIDUPARiFk.mp4,4,33,8
test,skipping rope,3b4q6_44RwM.mp4,6,33,8
test,skipping rope,4d54ERSroPE.mp4,30,33,8
test,skipping rope,5Png8tylSDk.mp4,12,33,8
test,skipping rope,8Y1gaZD8H6c.mp4,4,33,8
test,skipping rope,_PDgqk9JEdg.mp4,28,33,8
test,skiing slalom,2LhezSZTO6M.mp4,4,33,8
test,skiing slalom,4aGeUtHbytQ.mp4,4,33,8
test,skiing slalom,gAJ69ucuajk.mp4,8,33,8
test,skiing slalom,gV2QkdQGc_s.mp4,4,33,8
test,skiing slalom,kGIduXaItxQ.mp4,4,33,8
test,skiing slalom,liANHEDRggQ.mp4,6,33,8
test,skiing slalom,nji6upRug2M.mp4,4,33,8
test,skiing slalom,oyoql-mJGlA.mp4,4,33,8
test,skiing slalom,rEsXfAQjmos.mp4,2,33,8
test,skiing slalom,yCM5rKYtfQI.mp4,4,33,8
test,shoot dance,mzyfqNePrls.mp4,18,33,8
test,shoot dance,ni9H_cyCUg8.mp4,10,33,8
test,shoot dance,r8AdK3sofnE.mp4,14,33,8
test,shoot dance,uqJxhxYlnFc.mp4,6,33,8
test,shoot dance,wPhECKUTVrw.mp4,10,33,8
test,shoot dance,xA_FKfjvWjQ.mp4,10,33,8
test,shoot dance,ykzMA95ZSfI.mp4,8,33,8
test,shoot dance,zdoFgRam78o.mp4,6,33,8
test,shaking head,15UdVDXXBFE.mp4,6,33,8
test,shaking head,39sJUSCCmSw.mp4,6,33,8
test,shaking head,4jjUM-Vli0M.mp4,6,33,8
test,shaking head,5litknsMuFw.mp4,4,33,8
test,shaking head,9plSmDF4OOc.mp4,2,33,8
test,shaking head,u_2kkNK7GhE.mp4,2,33,8
test,shaking head,vgVRFl61eWA.mp4,8,33,8
test,shaking head,xcSiQz0UNJs.mp4,8,33,8
test,shaking head,yH8diqjfq7w.mp4,8,33,8
test,sawing wood,0Q2sqxP7sZQ.mp4,4,33,8
test,sawing wood,1TC4Mx8FvRU.mp4,2,33,8
test,sawing wood,7S3-Ff0JnNY.mp4,6,33,8
test,sawing wood,8frtN1kXCmM.mp4,8,33,8
test,sawing wood,bROOdKAmNQ0.mp4,6,33,8
test,sawing wood,c4_Bsp0447I.mp4,4,33,8
test,sawing wood,gmmcV3AqHZg.mp4,8,33,8
test,sawing wood,rY_oN_82-do.mp4,4,33,8
test,sawing wood,t1OFpitng7w.mp4,6,33,8
test,sawing wood,TAPVSYlu0ss.mp4,2,33,8
test,sawing wood,VERNxMkSmlc.mp4,18,33,8
test,running on treadmill,1bVqumVaz3I.mp4,6,33,8
test,running on treadmill,HuceSkxyuqc.mp4,10,33,8
test,running on treadmill,k5D2FJkxV0w.mp4,28,33,8
test,running on treadmill,PSnCPDxWvNc.mp4,6,33,8
test,running on treadmill,qo-KjbNRj7o.mp4,10,33,8
test,running on treadmill,uM8WU3ZLq9Q.mp4,16,33,8
test,rope pushdown,36Uy-rmbktc.mp4,2,33,8
test,rope pushdown,3rIga5kuX4Q.mp4,8,33,8
test,rope pushdown,4-qLLxT5tiU.mp4,6,33,8
test,rope pushdown,67ddbyZ8Y-8.mp4,8,33,8
test,rope pushdown,6vSxpNUlSYU.mp4,6,33,8
test,rope pushdown,7okJK3U27zE.mp4,4,33,8
test,rope pushdown,9eAlZuBg58I.mp4,2,33,8
test,rope pushdown,9vJvCg9q2Lo.mp4,6,33,8
test,rope pushdown,_U6Zlc_WQGI.mp4,4,33,8
test,pumping fist,3W9iTNcztZU.mp4,8,33,8
test,pumping fist,c_n6PUFQQX0.mp4,6,33,8
test,pumping fist,EkqNc2rzBb8.mp4,8,33,8
test,pumping fist,ffdmZfwyQ8I.mp4,2,33,8
test,pumping fist,K7fuSkCawjY.mp4,2,33,8
test,pumping fist,oNpt-yBKseM.mp4,10,33,8
test,pumping fist,R9_wAq8sHBQ.mp4,4,33,8
test,pumping fist,sz997BtwGnQ.mp4,6,33,8
test,pumping fist,v-Xg2eYttIU.mp4,6,33,8
test,pumping fist,w5b-vXeRPrY.mp4,2,33,8
test,pumping fist,X3vEFGPOuHg.mp4,10,33,8
test,pull ups,-YGCyGLovbw.mp4,2,33,8
test,pull ups,0Mfq1D151S0.mp4,6,33,8
test,pull ups,1KKjEWgqx5M.mp4,6,33,8
test,pull ups,2p19BDth7Zc.mp4,12,33,8
test,pull ups,4oz23cNENRo.mp4,6,33,8
test,pull ups,5fot95w8NGM.mp4,6,33,8
test,pull ups,7QmGi3r4RPE.mp4,6,33,8
test,pull ups,8nNRVvJwl8Y.mp4,8,33,8
test,pull ups,v0KanSlWnPE.mp4,6,33,8
test,pull ups,v4f5T8cPbHA.mp4,6,33,8
test,pull ups,wbgBlaE_wEA.mp4,4,33,8
test,playing ukulele,-aQSJ0W8wow.mp4,8,33,8
test,playing ukulele,-jfMbYDGLZc.mp4,2,33,8
test,playing ukulele,5OtkG83V7Sg.mp4,2,33,8
test,playing ukulele,5zxWwGNlHhQ.mp4,10,33,8
test,playing ukulele,78nQ5HBNq_I.mp4,18,33,8
test,playing ukulele,ekMhQ-4W-M8.mp4,2,33,8
test,playing ukulele,fzgVtI1OZRw.mp4,4,33,8
test,playing ukulele,nW93MPFhrSo.mp4,2,33,8
test,playing ukulele,xM4VzdajwAs.mp4,6,33,8
test,playing ping pong,-CIJZEAu_Pg.mp4,6,33,8
test,playing ping pong,-k5o6IDibk0.mp4,6,33,8
test,playing ping pong,4C6g5j2PhvI.mp4,12,33,8
test,playing ping pong,4oY0nsUwZgk.mp4,6,33,8
test,playing ping pong,5NN1RfCxJHs.mp4,10,33,8
test,playing ping pong,6i_uanzEaTY.mp4,10,33,8
test,playing ping pong,6OCGaAPwCbw.mp4,10,33,8
test,playing ping pong,7PSaRnOlXeY.mp4,2,33,8
test,playing ping pong,9OVVwWkTb1Q.mp4,4,33,8
test,planing wood,-YkNA24s4Ho.mp4,12,33,8
test,planing wood,0Ha4LtIs-4M.mp4,6,33,8
test,planing wood,1ChYrZMCXHg.mp4,10,33,8
test,planing wood,4UIfesmvftc.mp4,6,33,8
test,planing wood,5B6kJaxZ-l8.mp4,6,33,8
test,planing wood,6MiQ_VGEUgA.mp4,6,33,8
test,planing wood,7e0vFJkiQ3M.mp4,2,33,8
test,planing wood,jqSA8eD-WkA.mp4,16,33,8
test,planing wood,oeAs2FGDpZ0.mp4,4,33,8
test,planing wood,qaVdMzKW-ec.mp4,4,33,8
test,planing wood,r9e3GP2CAWI.mp4,12,33,8
test,pirouetting,0AgI9U3YnvQ.mp4,6,33,8
test,pirouetting,1BTEJ5DSYSo.mp4,14,33,8
test,pirouetting,2SiTx_RGdcc.mp4,8,33,8
test,pirouetting,7jUW7TkW5Fk.mp4,6,33,8
test,pirouetting,979JlX30-Hc.mp4,14,33,8
test,pirouetting,9oxc0qkq994.mp4,4,33,8
test,pirouetting,w1AUeFqFAL4.mp4,8,33,8
test,pirouetting,wau9aD2035w.mp4,4,33,8
test,pirouetting,wZr_O_JCR2s.mp4,6,33,8
test,mountain climber (exercise),3KB7l9vakic.mp4,4,33,8
test,mountain climber (exercise),6glQQIb5Tc0.mp4,8,33,8
test,mountain climber (exercise),7UV-0U1aqnQ.mp4,8,33,8
test,mountain climber (exercise),8gtxBbw7Dy8.mp4,6,33,8
test,mountain climber (exercise),96rvT8LhoyQ.mp4,10,33,8
test,mountain climber (exercise),cntcouDt_XI.mp4,8,33,8
test,mountain climber (exercise),jki_AIxjhVk.mp4,2,33,8
test,mountain climber (exercise),kD_tZ2gg02s.mp4,2,33,8
test,mountain climber (exercise),p5NBXae4B1g.mp4,18,33,8
test,mountain climber (exercise),q9cmUVCejCQ.mp4,8,33,8
test,mountain climber (exercise),vc2C0B-Mmio.mp4,6,33,8
test,jumping jacks,5htwPbyi5GM.mp4,6,33,8
test,jumping jacks,6kqIbN906ak.mp4,14,33,8
test,jumping jacks,8jK1UudSdNk.mp4,10,33,8
test,jumping jacks,8u9GUtevbZo.mp4,4,33,8
test,jumping jacks,946JoV6fmeE.mp4,8,33,8
test,jumping jacks,gO3-bEzizrs.mp4,6,33,8
test,jumping jacks,j5QeY7ZH5-8.mp4,4,33,8
test,jumping jacks,r50WyKinMug.mp4,8,33,8
test,jumping jacks,rDXDNSdTKjo.mp4,8,33,8
test,jumping jacks,ul4uH-0lIm0.mp4,4,33,8
test,jumping jacks,yMpW4AEvfww.mp4,20,33,8
test,juggling soccer ball,-wqO1xq22BM.mp4,10,33,8
test,juggling soccer ball,0Z1uxgfM-5U.mp4,2,33,8
test,juggling soccer ball,5ogPyRTZ21k.mp4,6,33,8
test,juggling soccer ball,7Mr4eCaGaN8.mp4,4,33,8
test,juggling soccer ball,nIJ4q_zmQIY.mp4,6,33,8
test,juggling soccer ball,sAaOphUy0dQ.mp4,6,33,8
test,juggling soccer ball,tfum65sMv5I.mp4,8,33,8
test,juggling soccer ball,tgYo1OIi6ZQ.mp4,8,33,8
test,juggling soccer ball,y42m8cMxlkk.mp4,4,33,8
test,juggling soccer ball,zqXV78KdzAo.mp4,4,33,8
test,hula hooping,0un10iEUhG4.mp4,4,33,8
test,hula hooping,2ApXeNBE3vs.mp4,2,33,8
test,hula hooping,4OzguXrMqSY.mp4,2,33,8
test,hula hooping,aBgLSpfLrXE.mp4,6,33,8
test,hula hooping,nuFfSzwgLY0.mp4,10,33,8
test,hula hooping,OvQshr5CYPM.mp4,4,33,8
test,hula hooping,P3f2f86UEfQ.mp4,30,33,8
test,hula hooping,TKX0mPBWio8.mp4,2,33,8
test,hula hooping,UUiYOxNs7RA.mp4,6,33,8
test,hula hooping,XvZz7n6VfTk.mp4,2,33,8
test,hula hooping,YdqCRltlzgQ.mp4,4,33,8
test,headbanging,2a0NuIbw3nM.mp4,4,33,8
test,headbanging,741PJo9ZwuQ.mp4,30,33,8
test,headbanging,i-15iRqUoTI.mp4,16,33,8
test,headbanging,n-P3xpxWil8.mp4,4,33,8
test,headbanging,nPTCB6sXCxQ.mp4,10,33,8
test,headbanging,r0nPWF7k-kg.mp4,2,33,8
test,headbanging,rwpZ4imE1J0.mp4,2,33,8
test,headbanging,txC3B_-h6Bw.mp4,2,33,8
test,headbanging,vKLlepK0GeI.mp4,2,33,8
test,headbanging,vQtrKUtlbHw.mp4,6,33,8
test,headbanging,_2VLh6v-thM.mp4,10,33,8
test,doing aerobics,FlMnWVIyChU.mp4,8,33,8
test,clapping,--jktjgj81k.mp4,10,33,8
test,clapping,5jj11JBmDkM.mp4,4,33,8
test,clapping,6MJChLP7u98.mp4,10,33,8
test,clapping,7JpG9UacOtc.mp4,22,33,8
test,clapping,t8sqcQD6pyM.mp4,6,33,8
test,clapping,vbCTBorLRrE.mp4,2,33,8
test,clapping,vJ4jk3-33eo.mp4,6,33,8
test,clapping,waK4vXTVRa8.mp4,8,33,8
test,clapping,x27_ay1e28k.mp4,6,33,8
test,clapping,_a30VHk7KAo.mp4,6,33,8
test,bouncing on trampoline,1I9ddotblIw.mp4,6,33,8
test,bouncing on trampoline,2ECQLcJoQl0.mp4,6,33,8
test,bouncing on trampoline,4geL0QwRBz0.mp4,6,33,8
test,bouncing on trampoline,5DinV-1M4iQ.mp4,2,33,8
test,bouncing on trampoline,5Qv536X_PR0.mp4,6,33,8
test,bouncing on trampoline,7im0r6Rf37Y.mp4,4,33,8
test,bouncing on trampoline,9Fg_DQe_FYg.mp4,8,33,8
test,bouncing on trampoline,rHI5Lx3PerQ.mp4,10,33,8
test,bouncing on trampoline,sp0nDoUydmA.mp4,6,33,8
test,bouncing on trampoline,tHOAJA8QWGc.mp4,10,33,8
test,bouncing on trampoline,ukDzEo-V0Eg.mp4,4,33,8
test,bouncing on bouncy castle,0YjMAOLeNK0.mp4,16,33,8
test,bouncing on bouncy castle,2H2sbiE4-PA.mp4,6,33,8
test,bouncing on bouncy castle,9OkejGPclbg.mp4,10,33,8
test,bouncing on bouncy castle,9v5ZycesS_c.mp4,12,33,8
test,bouncing on bouncy castle,ccFnHZWZlD0.mp4,4,33,8
test,bouncing on bouncy castle,f6tLPRn_Kl4.mp4,8,33,8
test,bouncing on bouncy castle,g6eKKVMFvxw.mp4,6,33,8
test,bouncing on bouncy castle,gTMt4y-Pcyg.mp4,8,33,8
test,bouncing on bouncy castle,hamIy7l6Auo.mp4,4,33,8
test,bouncing on bouncy castle,zH6fvoJGRd8.mp4,2,33,8
test,bouncing ball (not juggling),puqIspQAWeI.mp4,2,33,8
test,bouncing ball (not juggling),qIIOP4-EzDU.mp4,2,33,8
test,bouncing ball (not juggling),rfJiT4fjsfU.mp4,6,33,8
test,bouncing ball (not juggling),rP81r5zwqgg.mp4,12,33,8
test,bouncing ball (not juggling),rY0iplVeaK4.mp4,8,33,8
test,bouncing ball (not juggling),swPcVjBBYMw.mp4,24,33,8
test,bouncing ball (not juggling),tF9w3kUTE4Q.mp4,4,33,8
test,bouncing ball (not juggling),tnI3itsUgVk.mp4,4,33,8
test,bouncing ball (not juggling),vg5WUqsdjwg.mp4,2,33,8
test,battle rope training,AsJgDPLu_ro.mp4,22,33,8
test,battle rope training,bb9VlOqeeWo.mp4,24,33,8
test,battle rope training,EKEJHzTW53s.mp4,8,33,8
test,battle rope training,g8eOBQ4ceSU.mp4,10,33,8
test,battle rope training,M7Urc9uBjBU.mp4,2,33,8
test,battle rope training,p-FfGCmmvKg.mp4,4,33,8
test,battle rope training,qCM65vJ2DJw.mp4,22,33,8
test,battle rope training,R9zEwOi7gyU.mp4,18,33,8
test,battle rope training,RQ48AUI_unk.mp4,6,33,8
test,battle rope training,xaA6Z-1ENUo.mp4,18,33,8
train,swimming front crawl,AAECW6meQrA.mp4,351,361,8
train,swimming front crawl,ATJjDcQnlHo.mp4,31,41,8
train,swimming front crawl,AlSCMCPFlqo.mp4,319,329,8
train,swimming front crawl,GeiqTdtP2MY.mp4,18,28,9
train,swimming front crawl,PEAHckO2Kmc.mp4,3,13,9
train,swimming front crawl,S4umHf9LV2o.mp4,142,152,10
train,swimming front crawl,TA1bwJKkK_4.mp4,6,16,8
train,swimming front crawl,WAFMr1KANpE.mp4,51,61,8
train,swimming front crawl,WiMM3rliyRI.mp4,7,17,8
train,swimming front crawl,Xh7-rFGHYwU.mp4,10,20,9
train,swimming front crawl,Br_C9Iol03Q.mp4,365,375,3
train,swimming front crawl,Fn_vL74OSKg.mp4,74,84,2
train,swimming front crawl,IJ9fPv1EKDo.mp4,358,368,3
train,swimming front crawl,KajruQ1hPxA.mp4,80,90,3
train,swimming front crawl,KrOuTIuIV5A.mp4,11,21,2
train,swimming front crawl,LBD_o2t9TaI.mp4,212,222,2
train,swimming front crawl,UACHvsowwOc.mp4,39,49,3
train,swimming front crawl,X0k3M7LavlA.mp4,16,26,2
train,swimming front crawl,c5vPQtIBAcs.mp4,27,37,3
train,swimming front crawl,inSRS-uJqAo.mp4,37,47,3
train,swimming front crawl,lDBDYfAZo4U.mp4,26,36,3
train,swimming front crawl,p0TF1o4hSXs.mp4,0,10,3
train,swimming front crawl,qJ602q7UMXo.mp4,35,45,3
train,swimming front crawl,qPXMcEwHarc.mp4,23,33,2
train,swimming butterfly stroke,A7xOaBJGXTc.mp4,30,40,8
train,swimming butterfly stroke,BY-qkH7W5dU.mp4,64,74,8
train,swimming butterfly stroke,POGTm5vGEII.mp4,3,13,8
train,swimming butterfly stroke,jc0LLWn191k.mp4,10,20,8
train,swimming butterfly stroke,lEbTbt1K87U.mp4,0,10,8
train,swimming butterfly stroke,maVnj-BZ7JY.mp4,6,16,9
train,swimming butterfly stroke,xfrx0E3vi1Q.mp4,14,24,8
train,swimming butterfly stroke,zxh_O-ethqo.mp4,30,40,8
train,swimming butterfly stroke,13EiWVOyPyI.mp4,52,62,9
train,swimming butterfly stroke,Xh7-rFGHYwU.mp4,9,19,9
train,swimming butterfly stroke,AgKVrlV138U.mp4,211,221,2
train,swimming butterfly stroke,AtTo4I3FEtE.mp4,14,24,3
train,swimming butterfly stroke,DrwTRF65oVU.mp4,181,191,2
train,swimming butterfly stroke,D9yiPcRPbyo.mp4,3,13,3
train,swimming butterfly stroke,E-2X5HoWnGs.mp4,13,23,2
train,swimming butterfly stroke,H1OtLrfK3Ho.mp4,5,15,3
train,swimming butterfly stroke,KWVLsndbSuU.mp4,6,16,2
train,swimming butterfly stroke,LwHF4_RXGTw.mp4,59,69,2
train,swimming butterfly stroke,MXpuubeQhNk.mp4,50,60,2
train,swimming butterfly stroke,PhKHljZjRIs.mp4,109,119,2
train,swimming butterfly stroke,TTRjWksItbM.mp4,3,13,2
train,swimming butterfly stroke,YoOMEzKmnB8.mp4,75,85,3
train,swimming butterfly stroke,amab1HnHddo.mp4,2,12,2
train,swimming butterfly stroke,fJeENNNK5Iw.mp4,14,24,3
train,swimming butterfly stroke,g8VIqpxoQbE.mp4,4,14,3
train,swimming butterfly stroke,hbUnMX3E2zI.mp4,18,28,2
train,swimming butterfly stroke,ibfeVJoQeAI.mp4,5,15,2
train,swimming butterfly stroke,jAI-ViB4Gvg.mp4,7,17,2
train,swimming butterfly stroke,jPTQ3v95w1g.mp4,60,70,2
train,swimming butterfly stroke,s1VkhUyA7xA.mp4,15,25,3
train,swimming butterfly stroke,tbesSp7Nu0M.mp4,33,43,2
train,spinning poi,Dke8s2HsyAw.mp4,35,45,8
train,spinning poi,WW8ZG8lsciA.mp4,20,30,9
train,spinning poi,XqSto69MbEc.mp4,26,36,10
train,spinning poi,gG0osyutA9A.mp4,29,39,10
train,spinning poi,v2s5Yz9xgzY.mp4,5,15,9
train,slicing onion,BRVRrXre6rA.mp4,68,78,9
train,slicing onion,DIqmvoEjWPY.mp4,21,31,9
train,slicing onion,D8j406o8cGo.mp4,41,51,8
train,slicing onion,KWkoYYhfs6o.mp4,27,37,10
train,slicing onion,NWKE1a927Xc.mp4,20,30,8
train,slicing onion,QMGApafsnJw.mp4,17,27,8
train,slicing onion,RW8JyyPfoVw.mp4,18,28,9
train,slicing onion,WMn2dy1E14g.mp4,4,14,8
train,slicing onion,YXgE1oqkqRc.mp4,9,19,9
train,slicing onion,YsIo8ESxRLQ.mp4,16,26,8
train,slicing onion,CoiK6D8rcaY.mp4,148,158,3
train,slicing onion,DG81mnpo37w.mp4,2,12,3
train,slicing onion,DYxQzpkI_YU.mp4,113,123,2
train,slicing onion,ElXMWG1UFq0.mp4,64,74,2
train,slicing onion,GnpA2OBbuIM.mp4,0,10,2
train,slicing onion,HgP2KtYfeT8.mp4,108,118,3
train,slicing onion,H0DWt8muhnc.mp4,25,35,3
train,slicing onion,N_Jm9uRlWlE.mp4,123,133,2
train,slicing onion,OXjJPObFgpY.mp4,41,51,3
train,slicing onion,Uz9Vntys6Qs.mp4,40,50,2
train,slicing onion,aTiLkkZYp7g.mp4,19,29,3
train,slicing onion,aoNj8Q9zlvk.mp4,20,30,2
train,slicing onion,bxUw9MRQRfc.mp4,15,25,3
train,slicing onion,cDa_nM-pMKI.mp4,343,353,2
train,slicing onion,cjV7yFPvXiw.mp4,226,236,2
train,slicing onion,fXjxzbY1xRM.mp4,114,124,3
train,slicing onion,fn4jnzQw8zE.mp4,0,10,3
train,slicing onion,fzsWJhW86tY.mp4,0,10,2
train,slicing onion,h_cgCb6XAwM.mp4,228,238,2
train,skipping rope,FFkyZgaZcEY.mp4,22,32,9
train,skipping rope,Q9GkodBPCFU.mp4,72,82,8
train,skipping rope,R6gdboq-_BE.mp4,21,31,9
train,skipping rope,WHY0pD8cIJI.mp4,19,29,10
train,skipping rope,bdD2sPvwLGg.mp4,0,10,8
train,skipping rope,dSF2i1OQtMc.mp4,87,97,10
train,skipping rope,gIZfTUnE1VY.mp4,0,10,9
train,skipping rope,iegRNytyiYY.mp4,8,18,9
train,skipping rope,inv9GmZ7VyI.mp4,214,224,8
train,skipping rope,jdPAE2YjRmk.mp4,10,20,8
train,skipping rope,FAWz-xuPa7s.mp4,0,10,2
train,skipping rope,Gjaw9z_CYfY.mp4,296,306,2
train,skipping rope,KcoQnHNhhrY.mp4,13,23,3
train,skipping rope,NYKggbMESG4.mp4,130,140,2
train,skipping rope,PhyL4fjZhKY.mp4,170,180,2
train,skipping rope,QeeLq2V6XjI.mp4,23,33,2
train,skipping rope,Tumz6yea5Gc.mp4,167,177,2
train,skipping rope,ZByXTN9esrI.mp4,18,28,2
train,skipping rope,Z58rMOT7pEE.mp4,4,14,2
train,skipping rope,bY-4XBIGiwI.mp4,89,99,2
train,skipping rope,dha_i72Jhbk.mp4,250,260,3
train,skipping rope,g9eLZST0FjM.mp4,27,37,2
train,skipping rope,kw4QuPjpclo.mp4,5,15,2
train,skipping rope,k53r76fNhhw.mp4,68,78,2
train,skipping rope,lI6h3H4Zs98.mp4,79,89,3
train,skipping rope,nJCpoxpqR_c.mp4,346,356,3
train,skipping rope,na5Xe_BpSxc.mp4,105,115,2
train,skipping rope,o5FMDUscVQk.mp4,36,46,2
train,skipping rope,t2LETxjx21w.mp4,52,62,3
train,skipping rope,1DTS-lRWuM4.mp4,6,16,2
train,skiing slalom,D-yWHXs1gOg.mp4,13,23,10
train,skiing slalom,G3nFC74iIOI.mp4,819,829,10
train,skiing slalom,LYx8gIjoAS8.mp4,227,237,8
train,skiing slalom,PySSHVriPEI.mp4,83,93,10
train,skiing slalom,Uxz8CZPsZbY.mp4,336,346,9
train,skiing slalom,WPW3XwE3lP0.mp4,12,22,9
train,skiing slalom,i7gzqtGyb_o.mp4,137,147,10
train,skiing slalom,kAs0THrN4_Q.mp4,7,17,9
train,skiing slalom,k_Jale2F3_k.mp4,337,347,8
train,skiing slalom,mvG3PUIK-Pk.mp4,0,10,8
train,skiing slalom,Aqc93mfnwVE.mp4,133,143,3
train,skiing slalom,DVyLVSV8lHo.mp4,28,38,3
train,skiing slalom,DeZFwppAGPg.mp4,81,91,2
train,skiing slalom,EGrguHWOh0s.mp4,76,86,3
train,skiing slalom,FYlssMRyMIg.mp4,0,10,3
train,skiing slalom,IGzNl_GjAUA.mp4,0,10,3
train,skiing slalom,IUyq0FSknTY.mp4,47,57,3
train,skiing slalom,IkTXnQ-Dp-E.mp4,38,48,3
train,skiing slalom,LiK39Mjnn6M.mp4,0,10,2
train,skiing slalom,MWzd-lfW21A.mp4,30,40,2
train,skiing slalom,Mbhz2ThmDvo.mp4,24,34,2
train,skiing slalom,NCBTChDW0oc.mp4,13,23,2
train,skiing slalom,Qatv6Qnt9u4.mp4,6,16,2
train,skiing slalom,Qj0Wqq3OBmI.mp4,64,74,3
train,skiing slalom,VcoxQ2YtHko.mp4,9,19,3
train,skiing slalom,ev34oiwRFD0.mp4,20,30,3
train,shoot dance,Elf2XCpZOF0.mp4,1,11,8
train,shoot dance,Mi8RXiEyvAE.mp4,6,16,8
train,shoot dance,MjuSZ0MIaV8.mp4,0,10,10
train,shoot dance,M5Euv3L_dUs.mp4,6,16,10
train,shoot dance,N_XollUuvKU.mp4,8,18,8
train,shoot dance,R-yHTNEk-cA.mp4,21,31,9
train,shoot dance,XnfLLKNoOnI.mp4,39,49,8
train,shoot dance,gykOqkrn5d4.mp4,12,22,8
train,shoot dance,hteKpa0GoOk.mp4,41,51,10
train,shoot dance,vdoAwC7V46Q.mp4,23,33,10
train,shoot dance,ExNLqAYqzJU.mp4,17,27,2
train,shoot dance,FNC9AMPv-Vs.mp4,13,23,3
train,shoot dance,JUDhaj9JQO8.mp4,1,11,2
train,shoot dance,OboYqWqO78Y.mp4,53,63,3
train,shoot dance,QRTSk0tEIeQ.mp4,251,261,3
train,shoot dance,Qj4igGgWFHU.mp4,61,71,2
train,shoot dance,RLMu3JQxKkY.mp4,6,16,2
train,shoot dance,SUg4793SKlw.mp4,7,17,2
train,shoot dance,fSXWn74ZZVU.mp4,177,187,2
train,shoot dance,hxTwt0K1BDI.mp4,1,11,3
train,shoot dance,ipubkUDBQgQ.mp4,1,11,3
train,shoot dance,kiUc3j-KgLM.mp4,5,15,3
train,shoot dance,licCV5EHmFk.mp4,0,10,3
train,shoot dance,mQOlyNA4Nhw.mp4,0,10,3
train,shaking head,C6e4KFPKvCI.mp4,55,65,9
train,shaking head,J2M-vGHTtKs.mp4,18,28,8
train,shaking head,N61yee_hqYY.mp4,4,14,9
train,shaking head,Se2dg8sHNxU.mp4,31,41,8
train,shaking head,XBh_wTXGQxs.mp4,9,19,9
train,shaking head,e1UqIKpsCuE.mp4,23,33,8
train,shaking head,hJ48RYSgwI4.mp4,4,14,8
train,shaking head,jnSdd8-YNqs.mp4,14,24,9
train,shaking head,wfbmtoO3Zak.mp4,52,62,9
train,shaking head,wiA7PRJUeHc.mp4,186,196,8
train,shaking head,AZCjS3NjxQE.mp4,9,19,3
train,shaking head,DRvOUz7xE9E.mp4,0,10,3
train,shaking head,Db9LYlWL6es.mp4,3,13,2
train,shaking head,F4MqdA8a6Ew.mp4,2,12,3
train,shaking head,GN6vmQ2cD_0.mp4,9,19,2
train,shaking head,GwawV7dLqw8.mp4,7,17,3
train,shaking head,HEOKCsGF-CY.mp4,22,32,2
train,shaking head,Hz2CnIPFbcU.mp4,24,34,2
train,shaking head,IWlVNPAeoWQ.mp4,157,167,3
train,shaking head,KKGDDNX99ZQ.mp4,7,17,2
train,shaking head,LpoB9JcZMDU.mp4,8,18,2
train,shaking head,NDs2iZfSTZ0.mp4,0,10,3
train,shaking head,QXRQnF2XyhE.mp4,0,10,3
train,shaking head,QdGVitNjB5w.mp4,8,18,3
train,shaking head,TY7_J1hKIAQ.mp4,6,16,3
train,shaking head,aJk0ZoGYqFA.mp4,13,23,2
train,shaking head,dyUCpywhSFA.mp4,2,12,3
train,shaking head,eivyrBTfxLU.mp4,4,14,3
train,shaking head,fGOWu-x2j5E.mp4,139,149,3
train,shaking head,fdbdT9irT1U.mp4,35,45,2
train,shaking head,f7qBmytfE_U.mp4,21,31,2
train,shaking head,gz75Q8scpZ0.mp4,34,44,2
train,shaking head,hussw6Zoz3A.mp4,99,109,3
train,shaking head,idCywPaOD0k.mp4,15,25,3
train,shaking head,jUisKbUuCsM.mp4,66,76,3
train,shaking head,jg6H6QxYCAY.mp4,134,144,2
train,shaking head,kcVG_RdhHAU.mp4,5,15,2
train,shaking head,kcVG_RdhHAU.mp4,5,15,2
train,shaking head,mezlbFz5Cpg.mp4,2,12,2
train,shaking head,mqtcQgB4bAQ.mp4,15,25,2
train,shaking head,oB5SMtiieyc.mp4,3,13,3
train,shaking head,p-ipwzoXvlk.mp4,12,22,3
train,shaking head,q5vKK9-Me34.mp4,29,39,2
train,shaking head,q-j7Db-me5I.mp4,10,20,2
train,sawing wood,FlrSdGT9l7U.mp4,0,10,10
train,sawing wood,a8HxCmj0850.mp4,0,10,9
train,sawing wood,roNF133x3ao.mp4,19,29,8
train,sawing wood,2HShvkdMsjo.mp4,46,56,10
train,sawing wood,5H9y1DiSgBo.mp4,75,85,10
train,sawing wood,AVj315ogwmI.mp4,64,74,2
train,sawing wood,BDSWjwjXYNM.mp4,99,109,2
train,sawing wood,Bw_MIVvvhUU.mp4,165,175,2
train,sawing wood,FB8nG3ZA00o.mp4,25,35,2
train,sawing wood,KY9GVRCd8hg.mp4,2,12,2
train,sawing wood,NtgPEb95Ox4.mp4,26,36,2
train,sawing wood,Oz08rNjcF3Y.mp4,8,18,3
train,sawing wood,RJ8m7r8ydr8.mp4,33,43,2
train,sawing wood,RavLI1kUqXk.mp4,18,28,2
train,running on treadmill,HazUCD_GWTw.mp4,0,10,8
train,running on treadmill,KfjPXWtV4io.mp4,0,10,10
train,running on treadmill,LcIhPRV-Rmo.mp4,18,28,8
train,running on treadmill,SBkD0JHJgRo.mp4,2,12,9
train,running on treadmill,SlmcFIKPACU.mp4,9,19,9
train,running on treadmill,h-Ym7dHR2kA.mp4,0,10,8
train,running on treadmill,j92ZkRAUiys.mp4,94,104,9
train,running on treadmill,qFhoDkvJFnc.mp4,4,14,8
train,running on treadmill,sjbyEx20ou4.mp4,0,10,10
train,rope pushdown,KInIza0qH5g.mp4,29,39,8
train,rope pushdown,OPsbIOcnoKo.mp4,11,21,9
train,rope pushdown,S1VCwo_iOEo.mp4,9,19,8
train,rope pushdown,ZRXoCZdaAM0.mp4,4,14,8
train,rope pushdown,amSYFfO27WE.mp4,5,15,9
train,rope pushdown,o870GOGJG_k.mp4,0,10,9
train,rope pushdown,4ETgc4TrCQg.mp4,14,24,8
train,rope pushdown,Aa_wv2UEkrQ.mp4,1,11,3
train,rope pushdown,Beji0hbXCIs.mp4,27,37,2
train,rope pushdown,C7Z0BjKVnWk.mp4,0,10,2
train,rope pushdown,Dq4sUCCmNt8.mp4,96,106,2
train,rope pushdown,FHYxgCT6n8o.mp4,1,11,2
train,rope pushdown,GNYIxSqTHAg.mp4,13,23,3
train,rope pushdown,HoPjJj5jzQY.mp4,10,20,2
train,rope pushdown,IJ9uN6i7th0.mp4,63,73,2
train,rope pushdown,I3wsREWUg3w.mp4,1,11,2
train,rope pushdown,JeseDM8fD7k.mp4,16,26,3
train,rope pushdown,KJmBmCvMqr4.mp4,2,12,2
train,rope pushdown,LpRCtiiTutU.mp4,10,20,3
train,rope pushdown,MiBLDpRgiVU.mp4,1,11,3
train,rope pushdown,O9EjWL1eLeQ.mp4,24,34,3
train,rope pushdown,PAU_MxhdcZ0.mp4,12,22,3
train,rope pushdown,QBdrlDgi7l8.mp4,29,39,3
train,rope pushdown,SbKPnZGj_2M.mp4,35,45,3
train,rope pushdown,Si9szzJPSrE.mp4,22,32,2
train,rope pushdown,TgFU_Q8M3cE.mp4,66,76,2
train,rope pushdown,Tjsv6aFtn6Y.mp4,8,18,2
train,rope pushdown,VFBXF2msV0A.mp4,26,36,3
train,rope pushdown,YY0t5YEBWZw.mp4,14,24,2
train,rope pushdown,Z70mhrz9LIc.mp4,8,18,3
train,rope pushdown,aSGwqR9jNNo.mp4,7,17,3
train,rope pushdown,az-knS6hqNg.mp4,19,29,2
train,rope pushdown,cERPw79EgHc.mp4,4,14,3
train,rope pushdown,cGuP3pYsvUQ.mp4,12,22,2
train,rope pushdown,dAliWbFMg1w.mp4,6,16,3
train,rope pushdown,f48POlM6Hzg.mp4,82,92,2
train,rope pushdown,gcWw2DHPLG8.mp4,22,32,3
train,rope pushdown,iQOeNwTzwxM.mp4,30,40,2
train,rope pushdown,k9BUdYCalgk.mp4,28,38,3
train,rope pushdown,lHBWP_3ZoXw.mp4,1,11,3
train,rope pushdown,m1TIGRJjUZ4.mp4,8,18,3
train,rope pushdown,m7uiJkmYLDc.mp4,32,42,2
train,rope pushdown,nKr-2IIH-f4.mp4,4,14,3
train,rope pushdown,omT3P5FbCEg.mp4,0,10,3
train,rope pushdown,piaur4M-80I.mp4,4,14,3
train,rope pushdown,ppEM3kZ96fs.mp4,45,55,2
train,rope pushdown,q_aCNgSuROU.mp4,11,21,3
train,rope pushdown,rDMhtK91WdY.mp4,3,13,3
train,rope pushdown,rhbLqEGfnEE.mp4,11,21,3
train,rope pushdown,r2XdiYnb_NU.mp4,0,10,3
train,rope pushdown,s7G4GmlNR2o.mp4,7,17,3
train,rope pushdown,uKElp3XdaZ8.mp4,22,32,3
train,rope pushdown,u2hqoZGgWow.mp4,1,11,3
train,rope pushdown,wBgyai1dim0.mp4,12,22,2
train,rope pushdown,wlUBj35Nx_k.mp4,0,10,2
train,rope pushdown,w1tCe2NwgEI.mp4,0,10,3
train,rope pushdown,w7zbBdBln-E.mp4,0,10,3
train,rope pushdown,xQzfWfKKk2o.mp4,0,10,3
train,rope pushdown,yEvjWnxCHd0.mp4,2,12,3
train,rope pushdown,0ai6xO4HkwU.mp4,55,65,2
train,rope pushdown,0ryRTf1NrgU.mp4,0,10,3
train,rope pushdown,1wFsB4WQnlw.mp4,218,228,3
train,pumping fist,BS1bTUu9BZI.mp4,5,15,9
train,pumping fist,EeaUJCVWBH0.mp4,1,11,10
train,pumping fist,Hae_xDLuIdw.mp4,1,11,8
train,pumping fist,HfrG-Bt1bko.mp4,12,22,9
train,pumping fist,ItzskUIi63Q.mp4,1,11,9
train,pumping fist,Q7zDVy5W1hE.mp4,1,11,8
train,pumping fist,ePOrmh8TVcw.mp4,2,12,9
train,pumping fist,gEVvA6w5nPE.mp4,3,13,10
train,pumping fist,pPBWFYdvFX8.mp4,7,17,9
train,pumping fist,vtRaw974fEQ.mp4,0,10,10
train,pumping fist,CBhIbu3YPvA.mp4,3,13,2
train,pull ups,L2_sNxxvmuw.mp4,0,10,10
train,pull ups,QMlSvIJtR0M.mp4,4,14,8
train,pull ups,SxNHZthT2ZY.mp4,7,17,9
train,pull ups,ViYnvdBMR6g.mp4,19,29,8
train,pull ups,BYHQ4KptOM4.mp4,15,25,2
train,pull ups,Bg2uQMSKXew.mp4,19,29,2
train,pull ups,BrtUG9jAsJI.mp4,2,12,3
train,pull ups,ENr1x2kcNcU.mp4,160,170,3
train,pull ups,HSrGAlk5ouQ.mp4,6,16,2
train,pull ups,HesycfeXGkY.mp4,2,12,3
train,pull ups,HmB1_QAHP0w.mp4,2,12,2
train,pull ups,KUnNPTXpYE4.mp4,10,20,2
train,pull ups,LPQSm5megAo.mp4,0,10,3
train,pull ups,LUlt4tPj5SQ.mp4,4,14,3
train,pull ups,LxkdL0tGGxE.mp4,0,10,3
train,pull ups,MxDffDOCT-Q.mp4,22,32,3
train,pull ups,M1YMl8AU94I.mp4,2,12,2
train,pull ups,NFcwjLi-rJI.mp4,12,22,3
train,pull ups,NvqLMRadijE.mp4,28,38,3
train,pull ups,OhQcWwqQDR4.mp4,42,52,3
train,pull ups,O4MXIrHhqZo.mp4,5,15,2
train,pull ups,O8YcnJT4ofs.mp4,0,10,2
train,pull ups,O-q0UK1CV-M.mp4,1,11,3
train,pull ups,PFISl6mVwtk.mp4,45,55,2
train,pull ups,PTT6LnLSAnY.mp4,11,21,3
train,pull ups,TindOf7zyXM.mp4,36,46,2
train,pull ups,TmiLrzwQL9k.mp4,0,10,2
train,pull ups,VUoItcXFPZ4.mp4,214,224,2
train,pull ups,VXvnQ6vnSTQ.mp4,4,14,3
train,pull ups,WGadHIMsrdU.mp4,2,12,3
train,pull ups,W_vw0P8EVwQ.mp4,220,230,2
train,pull ups,Xbg8VJgNQPE.mp4,5,15,2
train,pull ups,YaHfRx04h4o.mp4,171,181,3
train,pull ups,YoY4176oESc.mp4,28,38,2
train,pull ups,ayzMLAVi7yk.mp4,9,19,3
train,pull ups,bnlI4BASlXI.mp4,17,27,3
train,pull ups,b6hO0rMRYjs.mp4,98,108,3
train,pull ups,cAzCteOHbs8.mp4,42,52,2
train,pull ups,dP4U9YJrn0M.mp4,290,300,2
train,pull ups,dcwAzUBtqEw.mp4,13,23,2
train,pull ups,eU7N2ythUn8.mp4,31,41,2
train,pull ups,f7doRCZCwIc.mp4,78,88,2
train,pull ups,gTqhkWubSTc.mp4,142,152,2
train,pull ups,gh77V08SQ34.mp4,46,56,2
train,pull ups,jC4O7gWJjPk.mp4,6,16,3
train,pull ups,kBuEWVA9vL8.mp4,387,397,2
train,pull ups,kGDIhlrBW0M.mp4,0,10,2
train,pull ups,klHQVbogkYw.mp4,37,47,2
train,pull ups,lgdXb6xpFns.mp4,4,14,3
train,pull ups,loJ5MlMt6EU.mp4,18,28,2
train,pull ups,mddh-9tTmRs.mp4,2,12,3
train,pull ups,mkSvldU_VUw.mp4,1,11,2
train,pull ups,mq1g4JeDNUE.mp4,2,12,2
train,pull ups,onNF_bQxOMg.mp4,20,30,2
train,pull ups,pPYiKNX9ixE.mp4,5,15,2
train,pull ups,p_uEhbOO_zM.mp4,0,10,3
train,pull ups,q9QerhiDQEE.mp4,1,11,3
train,pull ups,rFRinf9b-Vw.mp4,1,11,2
train,pull ups,rXKhJeF0HlU.mp4,3,13,2
train,pull ups,reAv60s7fqY.mp4,0,10,3
train,pull ups,s59PqZ9TTq0.mp4,7,17,2
train,pull ups,t-CZwdY1UiQ.mp4,15,25,2
train,pull ups,uOhXAckJNv0.mp4,6,16,2
train,pull ups,u90afcIihIE.mp4,8,18,2
train,playing ukulele,CaXCFXVDKDM.mp4,50,60,9
train,playing ukulele,EPrFE7JnpIc.mp4,0,10,10
train,playing ukulele,Fuc-gCjsy_o.mp4,47,57,9
train,playing ukulele,Y5pI5uS8Ie0.mp4,68,78,9
train,playing ukulele,oLYT0vA28wQ.mp4,152,162,10
train,playing ukulele,9Eqo1jHska4.mp4,1,11,9
train,playing ukulele,Mvlmg8ZZEdE.mp4,51,61,2
train,playing ukulele,M4DeUT2cOso.mp4,3,13,3
train,playing ukulele,NAuFTfumAVU.mp4,0,10,2
train,playing ukulele,NHstOot2-lU.mp4,9,19,3
train,playing ukulele,OqGx3NgR9kg.mp4,54,64,2
train,playing ukulele,QUK06KcDupA.mp4,28,38,3
train,playing ukulele,W5hJGPns9sw.mp4,68,78,2
train,playing ping pong,LRiGVwNyTEU.mp4,14,24,9
train,playing ping pong,hP-c5DGf6vo.mp4,24,34,9
train,playing ping pong,h0L3IaePcZQ.mp4,18,28,8
train,playing ping pong,5tbH0GIz9rM.mp4,10,20,10
train,playing ping pong,A_T0nQJ981c.mp4,20,30,2
train,playing ping pong,BL3Vs4pVOKc.mp4,22,32,2
train,playing ping pong,DIaerqmqN1E.mp4,6,16,3
train,playing ping pong,DpDyuhF6Alc.mp4,160,170,2
train,playing ping pong,E5A5JfS5wwk.mp4,78,88,2
train,playing ping pong,FeYJGxE6fkY.mp4,310,320,2
train,playing ping pong,GyHVFdfEbyI.mp4,419,429,3
train,playing ping pong,HcL0NZUUeWo.mp4,122,132,2
train,playing ping pong,IGC0PQcu9aM.mp4,11,21,2
train,playing ping pong,IIqg12rlSgo.mp4,140,150,2
train,playing ping pong,JDbWT8TC1q8.mp4,42,52,3
train,playing ping pong,JI64dikSIm4.mp4,0,10,3
train,playing ping pong,J2dmwQeNxp8.mp4,21,31,2
train,playing ping pong,Nhl46d2bueI.mp4,1,11,3
train,playing ping pong,OmIcycXGkG8.mp4,110,120,3
train,playing ping pong,O1luitbv8sE.mp4,153,163,2
train,playing ping pong,PU9urxFmX7Y.mp4,5,15,3
train,playing ping pong,Pj_2N6HeCXw.mp4,56,66,3
train,playing ping pong,T13NYMpFfpw.mp4,0,10,2
train,playing ping pong,X7RMG1-Srp8.mp4,42,52,3
train,playing ping pong,aRwp3NPsGOg.mp4,25,35,3
train,playing ping pong,a9PrSorcZ-Q.mp4,282,292,2
train,playing ping pong,bUhuBlsOack.mp4,28,38,3
train,playing ping pong,cKvFVbUaOCA.mp4,215,225,2
train,playing ping pong,dboyYxjGV34.mp4,10,20,2
train,playing ping pong,d2HiIhKUKWE.mp4,1204,1214,2
train,playing ping pong,ekRz5KwqQFo.mp4,37,47,2
train,playing ping pong,hkPD4SbMS8c.mp4,207,217,3
train,playing ping pong,jop1zxGB0-Q.mp4,52,62,2
train,playing ping pong,kdEsdV_jXPc.mp4,6,16,2
train,playing ping pong,keeoSu3FkTc.mp4,91,101,3
train,playing ping pong,k3zt30q3aMI.mp4,89,99,2
train,playing ping pong,m3K7GKYS554.mp4,10,20,3
train,playing ping pong,n9XWQUKsEKk.mp4,0,10,2
train,playing ping pong,qBYVmxHS-bM.mp4,189,199,2
train,playing ping pong,qOF0asQlWgc.mp4,0,10,2
train,playing ping pong,rErRUEhejgQ.mp4,12,22,2
train,playing ping pong,rccE6Fwf8jQ.mp4,18,28,3
train,playing ping pong,scTaz7zP3yU.mp4,5,15,2
train,playing ping pong,unx6iNSj6p4.mp4,0,10,2
train,playing ping pong,u0AUaQ-Ri6k.mp4,0,10,3
train,playing ping pong,vGR9pUDGVbA.mp4,84,94,3
train,playing ping pong,xGwoKxL8Sfs.mp4,23,33,2
train,playing ping pong,xMEFlMjEjTs.mp4,5,15,3
train,playing ping pong,xmQ0g72b33Q.mp4,82,92,2
train,playing ping pong,yHbqzfLaulE.mp4,39,49,2
train,playing ping pong,zLYLlCWTDMU.mp4,449,459,3
train,playing ping pong,1QLJSaPSDvM.mp4,171,181,2
train,playing ping pong,1dTE0SO9jZU.mp4,145,155,3
train,playing ping pong,1_ydzDt9SAc.mp4,36,46,2
train,playing ping pong,3EqF5Aavx3Y.mp4,15,25,2
train,planing wood,dkOA3e28tHU.mp4,79,89,9
train,planing wood,kEwUJOh3_jw.mp4,68,78,8
train,planing wood,21VltCmRySU.mp4,260,270,8
train,planing wood,6GZPVfofQ2c.mp4,74,84,10
train,planing wood,A87mG7GM7n8.mp4,41,51,2
train,planing wood,BdTr0OTAqx4.mp4,293,303,2
train,planing wood,FQn6pVdKmmk.mp4,15,25,3
train,planing wood,L0Ma-QTGmBk.mp4,114,124,3
train,planing wood,O35C4gqgg1U.mp4,1278,1288,2
train,planing wood,QTTcnqAR3Fk.mp4,2,12,3
train,planing wood,T8rPPqC5b34.mp4,1010,1020,2
train,planing wood,Wy_7F_l6Hr0.mp4,17,27,2
train,planing wood,Z3NpaBFyZ0U.mp4,0,10,2
train,planing wood,ab-MmudKdD0.mp4,12,22,2
train,planing wood,casDTQ0y60Y.mp4,72,82,2
train,planing wood,dQ6CHtVH5jE.mp4,145,155,2
train,planing wood,hF2seK3hOaM.mp4,474,484,2
train,planing wood,jXdzEDdZkDs.mp4,169,179,3
train,pirouetting,A18i2kJ-ZUE.mp4,3,13,10
train,pirouetting,Id59t1WRdOY.mp4,0,10,8
train,pirouetting,Sl_X-1q3uX8.mp4,0,10,10
train,pirouetting,WmU7X_89mEU.mp4,0,10,8
train,pirouetting,ZLMdG1pq83U.mp4,5,15,10
train,pirouetting,cupW3D0ClB0.mp4,0,10,10
train,pirouetting,hMFfrhvR5ro.mp4,2,12,10
train,pirouetting,ikM6QxnuHPk.mp4,0,10,10
train,pirouetting,j75TsKKmvK8.mp4,10,20,8
train,pirouetting,lD9nbCd3PqM.mp4,0,10,10
train,pirouetting,EKrcc3Z9OLs.mp4,0,10,2
train,pirouetting,FabAbRgiwwE.mp4,15,25,3
train,pirouetting,FnqwXnYrcQ4.mp4,0,10,2
train,pirouetting,Gm5RgYf50j8.mp4,25,35,2
train,pirouetting,HA4mRgNNr5M.mp4,0,10,3
train,pirouetting,HGulu8Pj6xo.mp4,0,10,3
train,pirouetting,HSoJU6no1fo.mp4,5,15,2
train,pirouetting,HXj7l2KPGOU.mp4,0,10,2
train,pirouetting,IvFJwrhLSHU.mp4,6,16,3
train,pirouetting,JnZYu4sFtbk.mp4,0,10,3
train,pirouetting,KKzLdJNEjtc.mp4,11,21,2
train,pirouetting,MGdAKz951Ws.mp4,2,12,2
train,pirouetting,PDptvU9fQD8.mp4,14,24,3
train,pirouetting,PkeHWovFIyc.mp4,0,10,3
train,pirouetting,QGVOM3HfkMY.mp4,40,50,2
train,pirouetting,Q3zP2NneDxo.mp4,16,26,2
train,pirouetting,RHOZ4ioI-9I.mp4,0,10,2
train,pirouetting,TTgP6dNt0pw.mp4,19,29,3
train,pirouetting,TxcDyoGv28o.mp4,4,14,3
train,pirouetting,Vwwj3t7ZGew.mp4,123,133,2
train,pirouetting,V2L3RyTGj08.mp4,2,12,2
train,pirouetting,YDmYJ0vUVJ0.mp4,19,29,2
train,pirouetting,ZY2jiH9aMzI.mp4,4,14,2
train,pirouetting,ZY2jiH9aMzI.mp4,4,14,2
train,pirouetting,c-Xpuf0sjuc.mp4,0,10,2
train,pirouetting,d6wod50OKSk.mp4,14,24,2
train,pirouetting,lK0NsoeNI78.mp4,9,19,2
train,pirouetting,oW2EaojWcIA.mp4,3,13,3
train,pirouetting,pPGeJliduuY.mp4,0,10,2
train,pirouetting,qxW4bPVTNkc.mp4,18,28,2
train,pirouetting,rQgSFqlAYbU.mp4,19,29,2
train,pirouetting,ufvjtW6WTAA.mp4,17,27,2
train,pirouetting,ulxCp521nTo.mp4,0,10,2
train,mountain climber (exercise),ArsLzvCfAFM.mp4,0,10,8
train,mountain climber (exercise),EKQOq11TUcY.mp4,0,10,10
train,mountain climber (exercise),FAEqWuB5jR4.mp4,0,10,9
train,mountain climber (exercise),L-peBVDMsh8.mp4,0,10,9
train,mountain climber (exercise),MavB1nTn2PE.mp4,33,43,9
train,mountain climber (exercise),Pg2Q-r2sS5k.mp4,0,10,10
train,mountain climber (exercise),SkEkdZN162k.mp4,0,10,10
train,mountain climber (exercise),UEIzLK2s4_I.mp4,20,30,9
train,mountain climber (exercise),Z8Facq1k-v4.mp4,0,10,9
train,mountain climber (exercise),gfZyIoEjJf4.mp4,29,39,10
train,mountain climber (exercise),FlYUxQyB-34.mp4,0,10,3
train,mountain climber (exercise),HNeMmcAuAMI.mp4,25,35,2
train,mountain climber (exercise),HffrvYr4QhY.mp4,32,42,3
train,mountain climber (exercise),V58HNVFaHpw.mp4,67,77,2
train,mountain climber (exercise),W9cXizCwcKY.mp4,16,26,3
train,mountain climber (exercise),aaGH3-nknOE.mp4,36,46,3
train,jumping jacks,BHhGGt7hHng.mp4,4,14,10
train,jumping jacks,Eamw0TjkYdY.mp4,15,25,10
train,jumping jacks,F5wAVXgKghc.mp4,5,15,10
train,jumping jacks,HqDD2PHO03M.mp4,12,22,8
train,jumping jacks,J3348QQ-V1w.mp4,0,10,9
train,jumping jacks,LqwloThYE7Y.mp4,35,45,10
train,jumping jacks,Ry2hr9Ff0Fs.mp4,5,15,8
train,jumping jacks,TQgGbpuT0yI.mp4,18,28,8
train,jumping jacks,Zd8JopgebnI.mp4,21,31,10
train,jumping jacks,pORy8zC5g1M.mp4,32,42,8
train,jumping jacks,Aob-I6gP7Iw.mp4,1,11,3
train,jumping jacks,BNB_2OX8vcI.mp4,15,25,3
train,jumping jacks,CIg4K8fphrw.mp4,8,18,2
train,jumping jacks,JAC2Ee3oZdU.mp4,18,28,2
train,jumping jacks,M18u9iUgSvo.mp4,10,20,2
train,jumping jacks,Q9nrtQsIwOQ.mp4,11,21,3
train,jumping jacks,YhCca7NVWeg.mp4,11,21,2
train,jumping jacks,Zsdwn1oZLU0.mp4,377,387,3
train,juggling soccer ball,AVsSyPj6Zy0.mp4,26,36,10
train,juggling soccer ball,BP5RQQI8CEg.mp4,167,177,10
train,juggling soccer ball,GE6VK3ySAtI.mp4,20,30,8
train,juggling soccer ball,HMf8FWYBPIE.mp4,17,27,8
train,juggling soccer ball,N7LH8RE2h-0.mp4,2,12,10
train,juggling soccer ball,Qk14zu1uqiI.mp4,8,18,9
train,juggling soccer ball,SJIcljExpK4.mp4,0,10,9
train,juggling soccer ball,Wd_O0WkiMNE.mp4,1,11,8
train,juggling soccer ball,bQc2gc5osU4.mp4,22,32,8
train,juggling soccer ball,boPDd7EFXOU.mp4,102,112,10
train,juggling soccer ball,BmPQg8-3P08.mp4,0,10,3
train,juggling soccer ball,Dyo631J3jSo.mp4,141,151,3
train,juggling soccer ball,JLGwkUjoPsk.mp4,27,37,3
train,juggling soccer ball,MCdcUkqGjy0.mp4,15,25,2
train,juggling soccer ball,PMhTcQZgOvQ.mp4,154,164,3
train,juggling soccer ball,SfS9njrU-bQ.mp4,29,39,3
train,juggling soccer ball,b4R0noPDR90.mp4,100,110,2
train,juggling soccer ball,cVCLApgzN58.mp4,9,19,3
train,juggling soccer ball,dgNOYUKgjrY.mp4,4,14,3
train,juggling soccer ball,ko7TLBFSpPk.mp4,8,18,3
train,juggling soccer ball,lrh5DsDjwyg.mp4,17,27,2
train,hula hooping,EXbQGUbN24c.mp4,7,17,8
train,hula hooping,H2LQi2zeunI.mp4,10,20,9
train,hula hooping,eJGPOq-hMKw.mp4,4,14,9
train,hula hooping,fmwQ7apPwe8.mp4,29,39,10
train,hula hooping,j8dFgXGYvKo.mp4,27,37,10
train,hula hooping,sNUnBrTp738.mp4,34,44,8
train,hula hooping,sZQru-oP1e8.mp4,23,33,8
train,hula hooping,s9bzP74IYvQ.mp4,10,20,10
train,hula hooping,wEE-bppXAlA.mp4,23,33,9
train,hula hooping,0ckGqSkH3aY.mp4,116,126,9
train,hula hooping,Eg6GFuVhKyQ.mp4,26,36,2
train,hula hooping,F3VITvYzXSA.mp4,0,10,2
train,hula hooping,KCAE_7IYHEQ.mp4,0,10,3
train,hula hooping,M6tGGKuUPxk.mp4,27,37,3
train,headbanging,BlPgNmpLoF8.mp4,3,13,10
train,headbanging,EJKOrmsZc4o.mp4,6,16,8
train,headbanging,JiJoeswWAY4.mp4,4,14,10
train,headbanging,UcJb8w1CzkY.mp4,1,11,8
train,headbanging,aGwCiVB4mMU.mp4,9,19,8
train,headbanging,cO7JePkXu_8.mp4,239,249,9
train,headbanging,gjgbc-xxJh4.mp4,1,11,9
train,headbanging,jbSB6H7jC08.mp4,1,11,8
train,headbanging,naohbb0Rlm0.mp4,0,10,10
train,headbanging,9-KBHqnXvzQ.mp4,18,28,9
train,headbanging,B19YTDAo_fE.mp4,0,10,2
train,headbanging,I0hkd6fRxUg.mp4,32,42,2
train,headbanging,MdfI8s1VwuU.mp4,4,14,3
train,headbanging,N1Ry4AhhSHI.mp4,0,10,3
train,headbanging,czhtdCyURgc.mp4,0,10,2
train,doing aerobics,H1fG-chbwE8.mp4,0,10,10
train,doing aerobics,LZ8M1_YELDE.mp4,153,163,8
train,doing aerobics,RtvkWERgCHo.mp4,3,13,8
train,doing aerobics,cpMDvqouKWE.mp4,45,55,10
train,doing aerobics,se5lPyo7zQM.mp4,136,146,10
train,doing aerobics,wcVLMwmlhKI.mp4,583,593,10
train,doing aerobics,xWft-SMRK20.mp4,2207,2217,10
train,clapping,Fs8reB-9Md8.mp4,13,23,9
train,clapping,KAvPlPdeZdI.mp4,66,76,9
train,clapping,Nyei_vA2ZI4.mp4,7,17,9
train,clapping,STSlc05O4Zs.mp4,0,10,9
train,clapping,jgrg1Yy61OA.mp4,55,65,9
train,clapping,la-lY85UuIs.mp4,0,10,9
train,clapping,sazNP47MOV4.mp4,5,15,8
train,clapping,tNIlHM6TsDU.mp4,24,34,10
train,clapping,vN1JxANg17Q.mp4,37,47,8
train,clapping,xV7vLlAYDpc.mp4,21,31,10
train,clapping,D9-sgFDmlyo.mp4,19,29,3
train,clapping,KdaGKZCNJ34.mp4,46,56,3
train,clapping,O5rzQ52_BY4.mp4,39,49,2
train,clapping,PLL7PrkgRS8.mp4,85,95,2
train,clapping,Rlue6Tj4ADo.mp4,7,17,2
train,clapping,SnJFVDfNxrQ.mp4,11,21,2
train,clapping,aGhMTBV1r2o.mp4,0,10,2
train,clapping,cgG7uTIe4z4.mp4,1,11,3
train,clapping,ggKCAtUkE1I.mp4,7,17,2
train,clapping,h11nI-9JZOA.mp4,3,13,3
train,clapping,ibzH823I2pk.mp4,0,10,2
train,clapping,nQIqCCb6jgA.mp4,40,50,3
train,clapping,qasyHv3cuM8.mp4,20,30,2
train,clapping,rDGxubUaFWk.mp4,1,11,3
train,clapping,s-rrlawBwSA.mp4,46,56,2
train,bouncing on trampoline,CxWHgrEqJGk.mp4,68,78,8
train,bouncing on trampoline,DQnKnXFgKXU.mp4,133,143,8
train,bouncing on trampoline,FizTTXZB34A.mp4,101,111,9
train,bouncing on trampoline,F7k90ZBaWZo.mp4,0,10,9
train,bouncing on trampoline,M8N0F2a85D8.mp4,58,68,10
train,bouncing on trampoline,NBuZrEx4j6Q.mp4,0,10,9
train,bouncing on trampoline,NIbtZrwuS-U.mp4,6,16,8
train,bouncing on trampoline,NrCkx10n0lo.mp4,71,81,10
train,bouncing on trampoline,c1a7NAaiufo.mp4,0,10,10
train,bouncing on trampoline,erHx3U-vumY.mp4,7,17,9
train,bouncing on trampoline,CMsLTAo6ftY.mp4,6,16,3
train,bouncing on trampoline,D6Ke3UNgSKc.mp4,29,39,2
train,bouncing on trampoline,ECENDkP2itQ.mp4,251,261,2
train,bouncing on trampoline,G28ClK3Zh_k.mp4,1,11,3
train,bouncing on trampoline,G46Ap_bqhFk.mp4,0,10,2
train,bouncing on trampoline,J2vc7v8B8dI.mp4,0,10,2
train,bouncing on trampoline,KkREBvB4moQ.mp4,33,43,2
train,bouncing on trampoline,M8uK-JYQ-VI.mp4,0,10,2
train,bouncing on trampoline,OZqd_O_EFgc.mp4,2,12,3
train,bouncing on trampoline,Ou5jPsAf2iQ.mp4,83,93,3
train,bouncing on trampoline,O0SrPRWSwBQ.mp4,31,41,3
train,bouncing on trampoline,ThV7IOTf2rg.mp4,0,10,2
train,bouncing on trampoline,WTBWsFu40Xs.mp4,170,180,3
train,bouncing on trampoline,WhA18ixYe8M.mp4,18,28,3
train,bouncing on trampoline,cdJLurktvOI.mp4,0,10,2
train,bouncing on trampoline,d9qX3QKIGE8.mp4,0,10,2
train,bouncing on trampoline,eh6Nu_mwT2k.mp4,72,82,2
train,bouncing on trampoline,iUGDlrMDonk.mp4,88,98,3
train,bouncing on trampoline,jroaLDzaAnc.mp4,179,189,2
train,bouncing on trampoline,k3RQEXLtwdQ.mp4,186,196,2
train,bouncing on trampoline,l8tT-NvDHNU.mp4,35,45,2
train,bouncing on trampoline,pAToE-M3Too.mp4,30,40,2
train,bouncing on bouncy castle,P-hSDswDa-E.mp4,21,31,9
train,bouncing on bouncy castle,R8Bkln2zk-o.mp4,0,10,8
train,bouncing on bouncy castle,VKxg27feG7o.mp4,24,34,8
train,bouncing on bouncy castle,0v7kdN3uHj4.mp4,85,95,10
train,bouncing on bouncy castle,7VLgTRY3QVo.mp4,54,64,10
train,bouncing on bouncy castle,AVCbGvltAYg.mp4,201,211,3
train,bouncing on bouncy castle,D1KphY1X85c.mp4,19,29,3
train,bouncing on bouncy castle,FF8pR23sRe4.mp4,0,10,3
train,bouncing on bouncy castle,HdJO0vQX7q0.mp4,121,131,3
train,bouncing on bouncy castle,Kjb3qMyGmZQ.mp4,0,10,2
train,bouncing on bouncy castle,KpjlvrtILVQ.mp4,12,22,2
train,bouncing on bouncy castle,MDFmkkk0ny8.mp4,275,285,3
train,bouncing on bouncy castle,PXaEZNhr0VE.mp4,120,130,2
train,bouncing on bouncy castle,SA9yN_ELrCQ.mp4,10,20,3
train,bouncing on bouncy castle,S6I2ydEvB8U.mp4,0,10,3
train,bouncing on bouncy castle,UQbMXcf79_E.mp4,2,12,3
train,bouncing on bouncy castle,Uqio3EhWSxE.mp4,12,22,3
train,bouncing on bouncy castle,VO8FJT3pEJQ.mp4,229,239,3
train,bouncing on bouncy castle,Yxc15QgFSzw.mp4,4,14,2
train,bouncing on bouncy castle,aArFdpY5tBg.mp4,112,122,2
train,bouncing on bouncy castle,bPHcUPkQKBQ.mp4,1,11,2
train,bouncing on bouncy castle,bPHcUPkQKBQ.mp4,1,11,2
train,bouncing ball (not juggling),EECxzwPpbP4.mp4,5,15,8
train,bouncing ball (not juggling),GsOoUOMlBP8.mp4,8,18,10
train,bouncing ball (not juggling),JQdrQHz_JBo.mp4,33,43,8
train,bouncing ball (not juggling),JuJMk7z6oP4.mp4,11,21,9
train,bouncing ball (not juggling),KD0altvGvC4.mp4,45,55,9
train,bouncing ball (not juggling),OpbGowuH5R0.mp4,7,17,8
train,bouncing ball (not juggling),TCgQ9f_6o8w.mp4,36,46,9
train,bouncing ball (not juggling),UcoP26Ka9kE.mp4,5,15,10
train,bouncing ball (not juggling),V13S-NADB1Y.mp4,0,10,9
train,bouncing ball (not juggling),CVPWxOBCp7Y.mp4,23,33,3
train,bouncing ball (not juggling),DDq_MkrReKk.mp4,50,60,2
train,bouncing ball (not juggling),DKLl6jfqSHY.mp4,2,12,3
train,bouncing ball (not juggling),DzGDU949CO0.mp4,221,231,2
train,bouncing ball (not juggling),E2iGLkGeipk.mp4,16,26,3
train,bouncing ball (not juggling),FpDag2X2zVA.mp4,25,35,3
train,bouncing ball (not juggling),GQJcsl3nwUA.mp4,2,12,2
train,bouncing ball (not juggling),Ia75_t6lE0k.mp4,56,66,3
train,bouncing ball (not juggling),KhDjVeu4Xxo.mp4,75,85,2
train,bouncing ball (not juggling),MUIWvu58u4E.mp4,89,99,2
train,bouncing ball (not juggling),Ox2i6bKNK-E.mp4,57,67,3
train,bouncing ball (not juggling),QofwwWhUYPQ.mp4,34,44,2
train,bouncing ball (not juggling),Q8HjuZ3Hv1k.mp4,8,18,3
train,bouncing ball (not juggling),S_2Z7IgO88E.mp4,1,11,3
train,bouncing ball (not juggling),cFVvnI30frg.mp4,10,20,2
train,bouncing ball (not juggling),egNaV5U_EJk.mp4,24,34,3
train,bouncing ball (not juggling),gJUW_cN5Mz8.mp4,33,43,2
train,bouncing ball (not juggling),hQxd8tVcPiY.mp4,4,14,2
train,bouncing ball (not juggling),hbCwq2eJPjk.mp4,15,25,2
train,bouncing ball (not juggling),iYvhmiHnB_Y.mp4,21,31,3
train,bouncing ball (not juggling),kXR_MFXsYpQ.mp4,140,150,3
train,bouncing ball (not juggling),knvxImBTpZI.mp4,1,11,2
train,bouncing ball (not juggling),lneaVoAZD6U.mp4,51,61,2
train,bouncing ball (not juggling),l4-nExOlhY8.mp4,1,11,3
train,bouncing ball (not juggling),m25SIEETLew.mp4,0,10,2
train,bouncing ball (not juggling),nfRHE7TP0EM.mp4,39,49,3
train,bouncing ball (not juggling),pEgaEth_fZ8.mp4,48,58,3
train,bouncing ball (not juggling),poNxCziylHM.mp4,4,14,2
train,battle rope training,AnEm66_ZHvQ.mp4,20,30,8
train,battle rope training,BuhAROfTtx8.mp4,1,11,9
train,battle rope training,DMc9Jkvwc_s.mp4,17,27,9
train,battle rope training,N0LntA705tY.mp4,0,10,9
train,battle rope training,OCKdRmWU1nE.mp4,21,31,8
train,battle rope training,Q2L3tDbuIus.mp4,0,10,8
train,battle rope training,VpUOfMeFx-U.mp4,63,73,9
train,battle rope training,deifD9uXqHY.mp4,5,15,10
train,battle rope training,i1C2_DysMBQ.mp4,159,169,9
train,battle rope training,k3OYki3qGs0.mp4,72,82,9
